{
  "id": "3483762",
  "name": "小兔鲜",
  "font_family": "iconfont",
  "css_prefix_text": "icon-",
  "description": "",
  "glyphs": [
    {
      "icon_id": "7988765",
      "name": "angle-right",
      "font_class": "angle-right",
      "unicode": "e610",
      "unicode_decimal": 58896
    },
    {
      "icon_id": "1360",
      "name": "新浪微博",
      "font_class": "xinlangweibo",
      "unicode": "e602",
      "unicode_decimal": 58882
    },
    {
      "icon_id": "77156",
      "name": "微信",
      "font_class": "weixin",
      "unicode": "e603",
      "unicode_decimal": 58883
    },
    {
      "icon_id": "310808",
      "name": "dianzan_mw",
      "font_class": "dianzanmw",
      "unicode": "e624",
      "unicode_decimal": 58916
    },
    {
      "icon_id": "792491",
      "name": "box2-箱子",
      "font_class": "box2xiangzi",
      "unicode": "e731",
      "unicode_decimal": 59185
    },
    {
      "icon_id": "913698",
      "name": "配送服务",
      "font_class": "bangzhupeisongfuwu",
      "unicode": "e64f",
      "unicode_decimal": 58959
    },
    {
      "icon_id": "2170949",
      "name": "消息-消息",
      "font_class": "xiaoxi-xiaoxi",
      "unicode": "e60f",
      "unicode_decimal": 58895
    },
    {
      "icon_id": "3703995",
      "name": "question",
      "font_class": "question",
      "unicode": "e680",
      "unicode_decimal": 59008
    },
    {
      "icon_id": "577364",
      "name": "首页",
      "font_class": "shouye",
      "unicode": "e751",
      "unicode_decimal": 59217
    },
    {
      "icon_id": "1718321",
      "name": "返回",
      "font_class": "fanhui",
      "unicode": "e601",
      "unicode_decimal": 58881
    },
    {
      "icon_id": "1727447",
      "name": "216更多-竖向",
      "font_class": "gengduo-shuxiang",
      "unicode": "e8c4",
      "unicode_decimal": 59588
    },
    {
      "icon_id": "2675116",
      "name": "搜索",
      "font_class": "sousuo1",
      "unicode": "e632",
      "unicode_decimal": 58930
    },
    {
      "icon_id": "1306",
      "name": "购物车空",
      "font_class": "gouwuchekong",
      "unicode": "e600",
      "unicode_decimal": 58880
    },
    {
      "icon_id": "629357",
      "name": "搜索",
      "font_class": "sousuo",
      "unicode": "e651",
      "unicode_decimal": 58961
    },
    {
      "icon_id": "7570901",
      "name": "手机",
      "font_class": "shouji",
      "unicode": "e633",
      "unicode_decimal": 58931
    }
  ]
}
